{
    "RepetitionTime": 2.0,
    "FlipAngle": 90,
    "EchoTime": 0.03,
    "TaskName": "resting",
    "SliceTiming": [0,1.0303,0.0606061,1.09091,0.121212,1.15152,0.181818,1.21213,0.242424,1.27274,0.30303,1.33335,0.363636,1.39396,0.424242,1.45457,0.484848,1.51518,0.545454,1.57579,0.60606,1.6364,0.666666,1.69701,0.727272,1.75762,0.787878,1.81823,0.848484,1.87884,0.90909,1.93945,0.969696]
}