{
    "RepetitionTime": 2.0,
    "FlipAngle": 90,
    "EchoTime": 0.03,
    "TaskName": "resting",
    "SliceTiming": [0,1,0.0588235,1.05882,0.117647,1.11764,0.176471,1.17646,0.235294,1.23528,0.294118,1.2941,0.352941,1.35292,0.411765,1.41174,0.470589,1.47056,0.529413,1.52938,0.588237,1.5882,0.647061,1.64702,0.705885,1.70584,0.764709,1.76466,0.823533,1.82348,0.882357,1.8823,0.941181,1.94112]
}